timestamp,source_ip,destination_ip,action,severity
2024-07-13T05:24:15,4.194.81.116,37.197.44.67,DENY,Low
2024-02-25T06:19:03,119.168.249.21,166.208.161.174,DENY,Low
2024-02-15T15:41:48,169.56.215.145,143.22.169.198,DENY,Low
2024-01-02T10:39:36,91.22.55.54,93.83.211.63,DENY,Low
2024-07-04T22:45:43,49.152.9.96,181.220.221.156,ALLOW,Low
2024-07-31T12:03:05,210.26.240.47,65.162.103.158,DENY,Low
2024-07-05T02:38:56,58.118.175.194,156.135.162.189,DENY,Medium
2024-08-03T12:07:29,137.163.168.230,206.214.94.105,DENY,Low
2024-06-20T00:46:03,92.153.34.30,54.196.146.203,ALLOW,Low
2024-06-15T15:56:41,74.176.87.193,29.62.177.101,DENY,Low
2024-06-13T14:57:22,30.79.139.192,18.120.65.98,ALLOW,Low
2024-11-11T03:59:23,65.143.49.6,65.244.25.9,DENY,Low
2024-02-25T00:35:39,24.94.58.156,80.49.1.217,DENY,Low
2024-02-02T12:45:33,59.28.9.179,56.183.111.48,DENY,Low
2024-02-20T03:23:12,27.56.127.120,216.53.92.150,ALLOW,Low
2024-05-27T07:11:09,201.79.241.76,82.112.41.85,DENY,Low
2024-09-03T10:55:25,223.230.103.173,66.142.5.155,ALLOW,Low
2024-01-22T20:49:16,11.200.241.10,21.252.190.164,DENY,Low
2024-10-11T22:53:27,115.249.188.173,76.24.79.54,DENY,Medium
2024-08-19T14:37:52,12.61.180.199,59.130.194.125,ALLOW,Low
2024-08-14T20:48:50,124.40.214.63,211.94.134.46,DENY,Low
2024-11-17T01:11:36,48.242.61.177,58.13.88.1,ALLOW,Low
2024-10-23T05:51:32,92.33.145.41,48.49.123.139,DENY,Medium
2024-01-05T03:27:49,198.96.13.15,107.11.157.187,DENY,Low
2024-02-14T01:11:24,73.198.234.63,61.199.96.82,ALLOW,Low
2024-08-05T09:43:18,208.221.208.231,57.45.144.35,ALLOW,Low
2024-02-27T07:52:54,190.232.159.96,187.67.11.131,DENY,High
2024-02-04T04:44:27,115.90.11.147,125.24.131.126,DENY,Low
2024-11-11T12:48:11,107.248.40.235,145.212.183.1,ALLOW,High
2024-10-12T11:37:44,149.179.23.171,80.25.102.224,ALLOW,Medium
2024-02-23T15:32:02,37.221.216.35,205.120.135.99,ALLOW,High
2024-01-05T21:43:23,67.167.76.14,195.88.54.219,DENY,Low
2024-01-19T08:23:21,193.148.156.129,87.0.85.64,DENY,Low
2024-01-13T20:04:21,122.15.192.215,159.9.90.41,ALLOW,Low
2024-01-10T13:17:10,136.124.43.10,41.5.217.111,ALLOW,Low
2024-06-03T17:17:14,18.27.78.137,43.46.233.253,DENY,Low
2024-02-19T19:13:44,30.120.116.188,196.239.169.182,DENY,Low
2024-03-10T05:45:39,119.2.208.123,124.212.13.83,DENY,High
2024-07-22T08:52:51,173.17.57.27,170.136.236.64,ALLOW,Low
2024-05-08T08:56:12,111.71.12.201,99.200.51.169,ALLOW,Low
2024-05-27T06:54:34,40.71.233.168,32.33.55.180,DENY,Low
2024-05-09T00:57:28,50.89.171.93,139.133.125.193,ALLOW,Low
2024-05-03T17:38:38,124.204.230.119,190.17.217.33,DENY,Low
2024-07-28T08:44:23,103.132.202.187,201.25.171.105,DENY,Low
2024-06-29T01:47:34,186.217.6.194,68.193.136.166,ALLOW,Low
2024-07-10T17:02:17,88.216.239.176,15.28.187.3,ALLOW,Low
2024-07-21T16:53:40,114.200.253.29,123.247.253.153,ALLOW,Low
2024-03-24T01:39:40,58.108.160.149,107.166.235.28,ALLOW,Medium
2024-02-04T01:25:41,146.182.249.179,157.155.103.238,ALLOW,High
2024-08-07T13:30:44,108.227.180.155,12.237.138.78,ALLOW,Low
2024-03-09T22:23:37,1.251.39.227,172.92.204.94,ALLOW,Low
2024-09-06T08:39:17,57.72.112.19,143.194.157.244,ALLOW,Low
2024-10-26T01:24:50,109.29.223.216,197.79.195.65,DENY,Low
2024-05-05T16:31:16,49.201.0.93,214.206.62.53,ALLOW,Low
2024-03-03T18:32:38,220.35.134.62,148.206.23.34,DENY,High
2024-03-21T09:19:33,172.134.197.203,35.235.237.150,ALLOW,Low
2024-11-05T01:17:04,16.227.4.214,75.66.83.124,ALLOW,Low
2024-02-28T05:38:59,117.210.216.49,42.21.15.197,DENY,Medium
2024-06-25T21:27:35,171.153.132.211,35.34.225.84,ALLOW,Low
2024-06-25T19:33:41,19.96.81.155,57.137.161.104,DENY,Medium
2024-04-03T04:25:42,17.49.100.199,45.28.41.225,ALLOW,Low
2024-07-24T12:10:37,39.247.164.164,131.197.132.21,DENY,Medium
2024-08-21T10:37:26,168.241.171.41,171.91.209.197,ALLOW,Low
2024-01-17T20:11:06,177.113.222.97,76.111.131.75,ALLOW,Low
2024-03-25T08:52:31,77.176.153.84,119.146.5.197,DENY,Low
2024-11-08T00:02:58,53.1.167.155,16.199.67.54,DENY,Medium
2024-09-01T07:16:52,159.193.147.74,92.86.95.77,DENY,Low
2024-09-18T17:41:00,212.102.194.129,48.12.64.144,DENY,Low
2024-11-16T13:33:53,122.100.21.13,212.136.71.137,ALLOW,Medium
2024-06-12T23:30:38,73.98.174.228,42.126.23.172,ALLOW,Low
2024-10-26T15:35:41,61.221.69.199,24.14.20.236,ALLOW,Medium
2024-07-09T13:08:35,155.127.22.26,109.15.89.58,DENY,Medium
2024-07-26T14:17:30,192.28.39.51,37.155.97.243,DENY,Medium
2024-01-15T05:14:34,7.212.177.149,212.245.47.171,DENY,Low
2024-03-17T07:53:48,115.37.210.210,211.207.167.232,DENY,High
2024-04-07T02:21:17,10.234.35.40,141.109.142.48,DENY,Low
2024-05-20T00:08:20,97.54.235.229,73.205.240.192,ALLOW,Medium
2024-09-05T22:04:27,48.162.227.191,199.71.117.80,DENY,Low
2024-01-31T04:57:31,38.19.9.107,161.98.78.170,ALLOW,Low
2024-01-12T21:31:29,15.201.130.97,84.73.114.191,ALLOW,Medium
2024-06-07T19:34:05,179.30.66.149,196.152.73.53,DENY,Low
2024-05-28T05:33:40,50.201.120.226,132.49.114.101,ALLOW,Low
2024-09-26T13:25:29,168.155.38.219,3.153.108.149,DENY,Low
2024-02-25T16:13:04,65.223.44.90,213.30.11.94,DENY,Low
2024-01-05T00:59:15,29.216.241.46,96.170.53.31,ALLOW,Low
2024-07-01T13:03:08,76.74.134.245,21.195.144.87,DENY,High
2024-07-19T07:26:33,143.19.59.62,143.47.4.8,DENY,Medium
2024-04-01T18:34:49,79.97.146.190,143.2.90.110,ALLOW,Low
2024-08-07T00:40:31,124.241.133.174,29.206.20.122,ALLOW,Low
2024-10-31T00:56:08,80.204.207.132,200.104.114.44,DENY,Low
2024-10-30T02:30:36,49.115.55.57,64.112.249.150,DENY,Low
2024-09-18T09:40:34,109.57.99.225,216.114.32.230,DENY,Low
2024-06-26T06:32:19,165.108.140.147,16.195.255.40,ALLOW,Medium
2024-05-07T04:47:27,92.208.202.225,25.57.155.235,ALLOW,Low
2024-09-06T20:24:14,26.87.188.177,170.168.251.90,ALLOW,Low
2024-11-04T18:25:32,212.252.49.59,29.53.223.120,ALLOW,Low
2024-03-03T13:15:29,5.14.54.214,42.48.113.205,DENY,Low
2024-03-20T04:02:54,96.151.60.176,105.217.146.56,DENY,High
2024-07-08T02:56:15,99.237.226.219,199.195.151.213,ALLOW,Low
2024-11-06T02:17:12,174.123.48.89,168.18.214.150,DENY,Medium
2024-04-14T00:48:06,213.222.237.3,178.40.104.138,DENY,Low
2024-10-19T07:03:55,53.52.48.203,8.81.77.74,ALLOW,High
2024-11-19T01:59:46,44.179.154.129,61.158.60.112,DENY,Low
2024-05-18T03:40:59,138.181.9.230,102.223.187.104,DENY,High
2024-09-27T17:37:52,2.112.169.231,171.178.166.40,ALLOW,Medium
2024-06-19T14:55:30,194.34.234.232,44.204.169.188,ALLOW,Medium
2024-07-26T18:09:43,26.34.73.100,104.229.43.24,DENY,Low
2024-11-29T04:31:27,88.247.15.234,216.150.238.207,ALLOW,Low
2024-05-28T06:50:10,125.65.132.177,207.217.158.4,DENY,Medium
2024-08-17T20:01:43,153.19.227.139,214.61.104.11,ALLOW,Medium
2024-04-27T13:17:59,80.218.62.231,94.182.94.29,ALLOW,Medium
2024-01-22T05:53:55,199.160.235.102,157.40.233.79,DENY,Medium
2024-10-31T19:47:26,15.128.208.34,3.3.145.18,ALLOW,Medium
2024-09-26T07:00:28,25.215.62.8,193.116.78.130,ALLOW,Medium
2024-08-23T18:12:21,20.187.244.135,86.85.52.177,ALLOW,Low
2024-06-10T23:57:39,40.243.215.19,136.31.185.38,ALLOW,Low
2024-02-12T22:50:09,99.84.112.15,145.53.179.169,ALLOW,Low
2024-11-17T16:22:49,197.185.74.116,24.160.230.8,ALLOW,Low
2024-04-16T02:50:41,160.151.149.89,145.130.104.229,ALLOW,Medium
2024-10-30T07:20:22,204.63.243.130,30.241.75.214,DENY,Medium
2024-10-29T01:57:28,78.127.128.145,157.163.25.133,DENY,Medium
2024-04-18T17:34:33,150.34.106.247,134.160.72.145,ALLOW,Low
2024-10-17T22:05:31,186.150.101.188,17.146.208.34,ALLOW,Medium
2024-06-02T04:46:43,217.97.134.246,85.226.32.27,ALLOW,Medium
2024-09-20T04:11:35,78.248.25.120,116.67.238.144,ALLOW,Medium
2024-06-02T09:45:34,114.126.170.122,179.125.152.126,DENY,Low
2024-08-09T14:30:01,66.253.231.152,75.33.149.100,DENY,Medium
2024-11-26T15:33:38,31.200.26.25,223.247.178.107,ALLOW,High
2024-05-12T14:55:06,184.40.91.64,120.243.27.180,ALLOW,Low
2024-01-19T00:08:19,35.48.94.225,104.169.76.107,ALLOW,Low
2024-06-24T08:16:40,97.202.187.22,123.232.78.62,DENY,Low
2024-08-31T20:29:47,158.102.255.1,138.168.75.124,DENY,Low
2024-07-17T11:47:37,211.213.166.99,114.227.184.199,DENY,Medium
2024-06-11T21:23:32,61.123.7.6,220.155.30.141,ALLOW,Low
2024-06-12T18:23:07,93.163.150.189,208.70.90.247,ALLOW,High
2024-01-27T19:45:03,125.231.165.209,92.171.241.59,DENY,Low
2024-04-08T02:22:29,30.25.199.138,203.176.124.59,ALLOW,Low
2024-11-29T12:38:36,5.101.43.49,131.11.176.204,ALLOW,Medium
2024-04-04T16:42:17,22.65.61.253,101.18.125.118,DENY,Low
2024-02-11T09:41:16,161.68.121.229,58.109.247.66,ALLOW,Medium
2024-12-02T12:47:40,190.222.151.3,168.52.153.42,DENY,High
2024-07-10T23:38:11,160.152.254.50,124.120.220.47,ALLOW,Low
2024-05-14T23:07:44,6.117.94.82,104.208.150.212,ALLOW,Low
2024-02-05T13:40:36,94.145.22.146,22.211.176.135,ALLOW,Low
2024-03-29T16:36:59,216.184.135.111,177.27.211.87,DENY,Low
2024-09-02T02:55:54,208.216.34.24,187.178.103.183,DENY,Low
2024-08-13T01:42:37,36.95.85.171,164.169.240.241,ALLOW,Low
2024-04-20T11:54:19,98.9.59.24,112.227.224.190,DENY,High
2024-02-25T13:13:49,133.103.174.154,41.28.80.45,ALLOW,Medium
2024-08-16T01:00:26,200.234.200.104,36.192.147.100,ALLOW,Low
2024-03-26T03:25:05,83.123.232.195,4.139.13.156,ALLOW,Low
2024-05-01T16:45:40,200.175.254.15,197.118.204.133,DENY,High
2024-05-13T02:11:34,130.94.75.236,216.251.126.142,ALLOW,Low
2024-03-19T00:55:35,156.120.8.45,178.207.32.140,ALLOW,Low
2024-11-20T21:37:04,16.233.0.153,59.39.35.152,DENY,Low
2024-08-26T08:55:22,13.48.188.175,76.75.35.48,ALLOW,Low
2024-04-19T19:09:08,85.245.54.116,156.37.188.139,DENY,Medium
2024-07-08T05:17:53,187.215.90.102,68.193.77.134,DENY,Medium
2024-04-24T20:44:46,172.52.169.179,173.51.172.20,ALLOW,Medium
2024-05-16T15:48:34,205.199.225.216,164.55.131.102,ALLOW,Medium
2024-03-24T19:49:14,19.217.232.220,56.170.230.167,ALLOW,Low
2024-02-04T00:06:49,2.247.74.7,1.149.134.138,ALLOW,Medium
2024-09-02T21:59:55,221.16.92.22,198.255.166.152,ALLOW,Medium
2024-09-11T07:01:23,191.3.128.70,84.176.59.229,ALLOW,Low
2024-08-25T17:25:18,78.51.132.162,71.41.246.11,DENY,Medium
2024-11-16T09:55:18,52.33.18.19,113.213.198.228,ALLOW,Medium
2024-01-04T05:05:53,221.31.201.92,91.210.232.59,ALLOW,Low
2024-06-21T03:48:17,131.74.179.251,129.76.135.72,DENY,Low
2024-05-22T20:19:01,218.123.93.209,30.158.54.245,DENY,Low
2024-01-13T10:20:13,196.242.237.179,78.69.188.200,ALLOW,Low
2024-07-14T22:32:27,64.215.233.40,83.17.132.2,DENY,Medium
2024-05-04T08:46:13,47.110.49.236,106.192.115.203,DENY,Low
2024-03-06T09:31:34,33.44.212.162,18.191.254.213,DENY,Low
2024-06-19T12:38:16,20.252.136.62,83.218.84.154,ALLOW,Low
2024-07-22T08:47:10,83.8.90.205,10.217.95.177,DENY,High
2024-09-07T10:21:03,26.195.59.14,120.77.144.48,ALLOW,Medium
2024-09-01T15:21:33,96.230.198.2,9.33.97.213,DENY,Low
2024-09-11T20:25:47,179.245.204.143,99.79.2.246,ALLOW,Low
2024-06-04T01:57:51,6.203.177.61,187.6.213.19,ALLOW,Low
2024-07-29T11:28:37,217.4.212.132,138.136.231.101,DENY,Medium
2024-02-13T17:13:10,140.115.189.78,107.77.138.68,DENY,Low
2024-01-18T00:03:53,126.3.170.57,48.212.8.87,DENY,Low
2024-07-03T19:08:16,107.98.12.96,99.77.143.22,ALLOW,Medium
2024-08-10T20:56:06,52.150.57.47,184.206.1.50,ALLOW,Low
2024-10-02T14:32:28,16.39.154.199,165.41.165.220,DENY,Low
2024-09-06T17:46:11,26.18.141.209,126.189.253.120,DENY,Low
2024-03-22T11:20:58,74.189.3.26,50.86.192.231,ALLOW,Low
2024-09-04T00:10:23,111.140.16.171,99.79.59.212,ALLOW,Low
2024-05-29T16:11:43,62.198.248.109,112.0.161.176,ALLOW,Medium
2024-10-02T19:40:33,212.75.213.43,193.194.87.1,ALLOW,Low
2024-03-04T06:24:56,102.193.63.90,202.242.168.0,ALLOW,Low
2024-04-03T23:11:17,67.252.84.13,182.88.175.241,DENY,Low
2024-10-12T07:53:50,8.57.119.70,63.152.212.49,ALLOW,Low
2024-10-10T02:33:10,115.168.219.242,88.153.224.10,ALLOW,Low
2024-11-26T06:27:30,117.124.37.42,22.77.89.150,ALLOW,Low
2024-05-20T16:45:03,123.48.218.129,218.250.209.228,ALLOW,Low
2024-11-10T13:18:49,128.102.66.110,99.58.182.41,ALLOW,Low
2024-05-11T11:18:03,184.8.20.123,183.172.136.221,ALLOW,High
2024-03-24T09:31:44,140.193.118.206,212.90.242.89,ALLOW,Low
2024-10-11T06:10:33,110.205.203.196,114.92.160.37,DENY,Low
2024-03-12T05:09:19,31.181.12.92,132.237.252.232,ALLOW,Medium
2024-07-05T11:04:43,106.53.255.65,107.217.77.161,ALLOW,Low
2024-06-15T11:47:32,109.219.140.255,111.15.43.214,ALLOW,Medium
2024-01-13T16:57:34,49.77.193.68,17.242.179.53,ALLOW,Medium
2024-02-16T11:04:31,71.12.102.243,50.150.123.73,DENY,Medium
2024-07-12T21:41:57,122.57.38.208,13.205.224.55,DENY,Low
2024-01-11T07:56:52,180.164.72.136,119.73.173.176,DENY,Low
2024-03-14T08:39:58,179.220.45.152,195.12.50.174,ALLOW,Medium
2024-09-27T16:54:42,43.140.26.110,157.56.23.26,ALLOW,Low
2024-10-25T08:13:28,204.88.136.91,60.87.65.152,DENY,Low
2024-04-26T19:56:03,211.228.2.85,11.132.52.13,ALLOW,Low
2024-10-03T15:03:56,201.47.200.213,142.166.109.12,ALLOW,Low
2024-03-31T20:10:04,222.177.53.64,55.55.221.56,DENY,Low
2024-03-16T23:37:07,177.233.214.106,212.252.99.110,DENY,Medium
2024-08-26T12:21:50,187.216.156.93,208.249.59.130,ALLOW,Medium
2024-06-26T09:48:17,63.229.219.28,17.38.190.246,DENY,Low
2024-08-04T06:18:43,49.113.24.210,62.199.22.14,ALLOW,Medium
2024-07-15T17:44:44,148.91.107.113,184.238.218.170,DENY,Low
2024-08-09T13:58:52,207.36.10.6,118.119.250.83,DENY,Low
2024-09-07T17:47:54,101.105.127.17,15.87.215.202,ALLOW,Low
2024-08-25T05:38:41,32.249.235.110,37.43.33.47,ALLOW,Low
2024-06-16T05:19:40,166.115.125.157,113.28.200.247,ALLOW,Low
2024-01-24T22:40:33,45.210.63.155,77.45.145.10,DENY,Low
2024-02-22T12:55:12,126.228.79.242,213.79.28.25,DENY,Low
2024-07-13T04:41:19,18.201.161.64,17.138.185.237,DENY,Low
2024-08-12T10:12:51,50.227.77.167,31.113.120.162,ALLOW,Low
2024-06-25T02:22:29,90.87.123.132,210.248.49.254,DENY,Low
2024-10-21T17:11:09,118.56.252.86,56.15.104.17,DENY,Low
2024-09-30T22:08:52,25.177.174.153,101.239.174.182,DENY,Medium
2024-04-26T09:28:16,114.235.159.214,174.239.170.89,ALLOW,Medium
2024-03-22T07:55:47,121.154.92.151,45.72.230.69,ALLOW,Low
2024-09-30T04:04:48,55.172.185.163,168.101.34.157,DENY,Medium
2024-07-26T18:00:21,117.127.60.134,140.231.47.175,DENY,Low
2024-10-01T04:29:46,104.218.102.3,199.88.85.66,DENY,Low
2024-11-04T17:34:08,74.152.86.35,77.9.178.9,ALLOW,High
2024-08-09T20:32:29,156.192.30.64,31.249.40.176,DENY,Medium
2024-02-23T16:03:27,134.194.57.53,88.71.253.112,ALLOW,Medium
2024-04-15T00:07:56,79.100.116.98,152.67.250.199,DENY,Medium
2024-01-11T13:29:08,92.70.220.32,213.191.6.225,ALLOW,Medium
2024-04-04T02:58:03,133.137.137.92,201.186.157.146,ALLOW,Medium
2024-04-21T12:16:22,222.144.12.22,14.16.133.114,ALLOW,Low
2024-09-10T02:49:07,61.41.44.84,40.133.247.98,ALLOW,Low
2024-03-17T00:24:07,48.177.164.254,138.72.163.237,DENY,Low
2024-11-24T16:39:38,204.153.96.177,3.80.169.0,ALLOW,Medium
2024-08-30T19:54:22,176.139.230.2,186.237.234.67,ALLOW,Medium
2024-09-22T02:41:48,175.120.34.50,51.205.249.136,ALLOW,Low
2024-05-21T16:14:28,177.190.254.225,207.221.7.161,ALLOW,High
2024-08-08T11:20:48,28.129.72.251,52.26.37.78,ALLOW,Low
2024-11-26T03:44:41,188.225.158.243,193.39.10.67,DENY,Low
2024-05-09T01:06:16,147.235.183.142,30.43.238.151,ALLOW,Low
2024-02-04T23:45:09,110.77.33.179,76.106.112.173,DENY,Low
2024-04-12T21:46:17,116.195.123.4,150.116.21.62,ALLOW,Low
2024-05-02T05:41:33,68.113.79.235,158.218.80.70,DENY,Low
2024-10-31T23:00:08,143.218.105.246,12.226.32.141,ALLOW,Medium
2024-03-15T02:43:43,203.0.11.189,180.221.152.50,DENY,Medium
2024-08-11T01:44:31,134.184.154.169,139.255.73.147,ALLOW,Low
2024-06-24T16:04:11,215.242.118.255,102.80.107.7,ALLOW,Low
2024-11-12T18:45:03,194.170.138.88,31.254.141.47,ALLOW,Low
2024-02-17T14:39:35,61.113.115.206,188.107.4.83,DENY,Low
2024-11-02T19:56:09,212.11.227.16,24.151.152.164,ALLOW,Low
2024-07-12T19:07:51,223.172.253.26,121.88.140.80,ALLOW,Low
2024-05-16T18:38:48,151.133.175.223,174.84.18.15,ALLOW,Low
2024-10-09T13:36:51,61.24.80.167,61.38.185.139,DENY,Medium
2024-05-27T05:28:02,10.156.239.215,212.98.7.156,DENY,Medium
2024-04-25T06:26:36,80.219.170.78,128.80.108.158,DENY,Low
2024-08-01T17:38:52,221.36.190.17,149.7.255.119,ALLOW,Low
2024-03-07T14:26:23,99.69.75.72,65.190.248.144,DENY,Low
2024-09-21T03:34:19,47.6.10.248,134.74.248.91,DENY,High
2024-07-03T21:35:00,159.166.18.242,123.105.137.100,DENY,Medium
2024-09-10T11:21:23,129.208.5.33,70.23.223.15,ALLOW,High
2024-05-23T14:20:46,60.60.172.121,9.204.24.238,DENY,Low
2024-03-08T02:54:14,63.191.218.143,203.28.78.244,DENY,Low
2024-05-14T02:04:20,214.124.180.23,216.168.167.63,ALLOW,Low
2024-08-14T06:34:41,70.18.209.66,167.111.21.96,ALLOW,High
2024-10-17T02:48:11,110.185.196.34,62.203.143.26,DENY,Low
2024-05-11T16:36:24,77.50.63.175,71.134.236.37,ALLOW,Medium
2024-06-21T03:51:48,174.123.229.8,193.27.210.55,DENY,Low
2024-02-07T02:50:09,112.253.178.78,169.220.240.2,ALLOW,Low
2024-06-30T06:22:45,123.231.176.139,30.111.71.17,DENY,Medium
2024-07-18T09:10:35,43.72.135.17,216.50.229.150,ALLOW,Low
2024-10-28T14:03:49,184.1.32.122,97.118.33.167,DENY,Low
2024-02-26T13:27:33,15.249.18.225,153.17.238.40,ALLOW,Low
2024-09-10T00:02:02,99.134.155.102,41.175.215.238,DENY,Medium
2024-02-24T11:46:34,217.75.233.84,9.24.20.27,ALLOW,High
2024-02-15T04:21:13,121.31.172.209,156.132.106.36,DENY,Low
2024-03-23T17:20:22,65.51.235.47,181.4.123.160,ALLOW,Low
2024-03-23T04:09:41,136.184.139.89,56.240.48.19,ALLOW,Low
2024-04-07T10:23:00,5.34.112.130,117.54.87.57,ALLOW,Medium
2024-03-26T10:28:03,173.224.159.154,97.49.175.187,ALLOW,Medium
2024-02-22T19:13:44,79.7.88.159,125.135.205.175,ALLOW,Low
2024-06-09T17:17:30,52.39.194.93,19.209.249.185,DENY,Medium
2024-10-26T11:51:00,68.131.42.119,49.11.174.94,ALLOW,Low
2024-01-01T22:40:45,176.21.95.35,75.199.121.128,ALLOW,Low
2024-01-05T05:48:41,79.164.135.76,115.191.56.136,DENY,Low
2024-04-15T17:20:14,83.218.115.120,62.95.70.69,ALLOW,Medium
2024-07-23T16:09:35,80.167.42.173,140.97.107.237,DENY,High
2024-08-12T05:09:52,109.52.34.119,136.168.196.246,DENY,Low
2024-08-05T03:21:59,88.116.106.155,35.253.114.153,DENY,Medium
2024-07-01T21:11:19,50.246.54.51,46.28.136.23,DENY,Medium
2024-07-17T02:33:02,169.113.226.19,65.175.207.136,DENY,Medium
2024-11-16T03:30:44,100.228.144.205,83.99.1.100,DENY,Low
2024-01-07T17:13:43,126.248.136.104,23.139.127.58,DENY,Medium
2024-02-07T13:35:59,24.195.2.24,59.251.71.40,DENY,Medium
2024-01-25T03:19:15,183.226.46.102,106.72.51.26,ALLOW,Low
2024-10-06T01:49:37,204.11.5.30,133.164.62.169,DENY,Low
2024-09-03T19:02:29,114.215.113.152,175.176.186.87,ALLOW,Low
2024-04-08T07:47:06,95.132.230.245,73.157.102.146,DENY,Low
2024-10-04T17:01:19,68.38.74.108,219.158.219.22,DENY,Low
2024-04-08T06:26:37,170.247.100.62,186.112.136.83,DENY,Medium
2024-01-05T16:55:04,159.39.173.98,155.98.146.73,DENY,Low
2024-06-20T20:59:41,85.2.139.182,51.91.243.9,DENY,Low
2024-10-07T13:55:56,171.59.159.87,114.113.159.241,DENY,Low
2024-08-16T16:24:24,220.47.243.116,62.189.245.107,DENY,Low
2024-08-24T00:05:11,79.39.97.221,29.246.16.202,DENY,Low
2024-01-06T13:13:55,45.94.208.48,27.133.217.10,DENY,Low
2024-06-22T20:34:39,146.166.173.155,89.25.94.120,DENY,Medium
2024-05-08T18:11:32,118.92.253.46,116.249.27.188,ALLOW,Low
2024-05-18T18:36:37,91.27.67.196,72.13.219.17,ALLOW,Low
2024-02-03T14:20:15,119.118.71.58,221.45.241.229,DENY,Low
2024-09-12T19:15:00,95.62.134.197,208.145.15.239,ALLOW,Low
2024-06-08T09:48:16,123.148.119.167,131.111.4.118,ALLOW,Low
2024-01-31T23:18:19,50.26.198.73,152.164.218.40,DENY,Medium
2024-01-13T06:28:09,103.132.236.118,81.215.230.190,DENY,Low
2024-10-27T17:26:21,55.231.5.158,173.221.142.195,ALLOW,Low
2024-03-10T20:02:39,149.2.65.70,36.150.249.236,ALLOW,Low
2024-04-07T16:14:27,98.191.74.2,109.70.248.136,DENY,Low
2024-02-25T04:49:43,165.57.138.99,14.66.227.138,ALLOW,Medium
2024-02-08T18:20:22,78.166.161.87,191.68.25.189,ALLOW,Low
2024-10-18T11:55:33,55.23.224.161,213.65.0.50,DENY,Low
2024-05-01T01:17:51,58.32.241.134,61.230.107.160,DENY,Low
2024-03-07T12:00:43,20.78.164.227,44.199.139.235,ALLOW,Medium
2024-03-30T12:11:51,89.23.114.249,136.132.30.173,DENY,Low
2024-04-04T16:59:59,92.205.84.212,156.242.94.21,ALLOW,Low
2024-02-19T09:56:53,65.76.56.49,112.3.142.212,ALLOW,Medium
2024-08-28T18:39:26,30.64.63.46,32.53.54.154,DENY,Low
2024-01-19T08:02:49,200.65.21.101,163.145.72.100,ALLOW,Low
2024-07-14T13:45:09,35.194.35.250,142.202.206.15,DENY,High
2024-03-28T15:30:10,90.244.16.13,194.67.242.78,ALLOW,Low
2024-08-14T16:24:52,219.23.231.233,104.146.79.123,DENY,Low
2024-07-08T21:32:34,26.44.120.81,97.221.119.243,ALLOW,Low
2024-06-03T10:05:41,21.39.43.137,50.108.251.66,ALLOW,Low
2024-03-14T13:44:19,181.4.147.163,199.82.143.40,ALLOW,Low
2024-07-30T11:30:53,135.201.167.175,51.234.38.197,ALLOW,High
2024-11-03T10:42:07,179.137.115.236,71.191.206.128,DENY,Low
2024-11-04T01:49:01,67.3.235.249,57.61.220.230,ALLOW,Medium
2024-07-23T22:32:58,152.201.107.15,11.218.88.135,DENY,Low
2024-08-12T20:54:59,112.54.171.164,223.123.92.245,ALLOW,Low
2024-05-23T18:53:40,174.203.198.82,6.59.109.43,ALLOW,Low
2024-02-17T07:52:46,66.216.217.151,30.231.251.172,DENY,Low
2024-02-23T10:12:55,191.127.203.80,159.49.170.206,ALLOW,Medium
2024-07-06T20:43:28,139.134.224.159,52.214.191.33,ALLOW,Low
2024-09-21T21:49:43,68.14.135.179,11.196.170.242,DENY,High
2024-05-26T18:14:35,53.145.196.13,66.160.89.235,DENY,Medium
2024-03-21T18:30:40,94.217.169.216,169.189.12.134,ALLOW,Low
2024-03-25T15:46:08,87.151.223.22,120.130.103.1,DENY,Medium
2024-05-03T23:28:16,53.161.176.39,206.74.73.33,ALLOW,Low
2024-03-22T16:27:20,62.221.21.179,28.221.213.100,ALLOW,Medium
2024-05-18T05:04:40,89.135.109.146,169.253.104.247,ALLOW,Low
2024-09-14T14:01:45,219.139.31.171,183.49.172.7,ALLOW,Medium
2024-05-24T12:02:19,96.175.134.171,113.244.39.157,ALLOW,Medium
2024-02-23T09:46:45,8.64.31.70,115.53.251.138,DENY,Low
2024-12-02T08:38:22,87.188.32.132,96.118.141.85,ALLOW,Medium
2024-11-11T15:37:43,142.147.68.125,11.115.37.241,ALLOW,Low
2024-08-11T04:15:40,106.249.208.34,11.247.102.222,ALLOW,Low
2024-06-03T11:28:46,190.3.96.18,34.121.95.125,DENY,Low
2024-06-11T00:57:52,160.36.51.82,149.124.190.43,DENY,Low
2024-07-29T01:13:56,22.18.130.166,87.79.111.127,DENY,High
2024-04-02T23:12:05,32.226.133.4,151.110.145.176,ALLOW,Low
2024-07-04T23:26:55,185.255.251.151,89.253.95.169,DENY,Medium
2024-11-01T08:16:06,61.156.40.155,163.68.74.242,DENY,Low
2024-03-12T09:37:53,16.250.185.163,154.84.171.100,ALLOW,Low
2024-04-13T03:53:59,34.79.39.41,59.199.13.230,DENY,Low
2024-11-24T04:29:04,215.239.146.85,119.233.30.140,DENY,Medium
2024-03-21T13:00:27,183.96.189.22,129.235.11.162,DENY,Low
2024-09-01T18:45:01,119.58.171.52,38.88.155.58,ALLOW,Low
2024-02-28T11:39:30,61.166.81.107,85.72.122.154,DENY,Medium
2024-02-29T09:19:12,74.27.144.20,177.170.82.11,ALLOW,Medium
2024-01-25T02:39:46,151.134.193.252,113.210.153.218,DENY,High
2024-06-04T00:25:23,70.243.171.109,56.119.1.21,DENY,Medium
2024-02-21T18:56:47,194.2.190.255,99.188.223.109,ALLOW,Low
2024-07-08T01:18:53,63.80.27.52,185.182.106.94,DENY,Medium
2024-03-13T19:13:01,172.165.228.130,143.165.189.99,DENY,Low
2024-03-01T11:32:01,76.127.192.153,72.151.209.215,DENY,Low
2024-03-31T08:53:40,13.47.71.42,84.167.158.195,ALLOW,Medium
2024-07-24T14:26:53,193.246.134.189,194.68.11.38,DENY,Medium
2024-07-23T14:58:30,97.157.103.43,157.222.139.178,DENY,Medium
2024-02-05T08:38:41,47.57.126.17,138.25.106.223,DENY,Low
2024-12-03T11:51:21,44.133.66.25,123.59.54.156,DENY,Low
2024-07-23T01:57:40,38.221.177.137,29.97.220.57,DENY,Low
2024-05-04T20:41:05,95.69.27.146,199.125.251.213,ALLOW,Medium
2024-11-08T05:49:01,130.53.68.138,191.204.164.115,ALLOW,Low
2024-06-12T17:51:05,39.83.95.18,7.162.90.158,ALLOW,Low
2024-10-22T07:43:24,97.64.251.139,105.240.223.73,ALLOW,Low
2024-04-14T17:12:50,177.117.74.92,80.93.27.235,DENY,Medium
2024-11-04T09:17:15,2.96.59.199,223.134.28.8,ALLOW,Medium
2024-04-05T04:33:46,136.186.106.1,102.51.157.103,ALLOW,Medium
2024-07-24T04:27:36,205.75.193.71,198.131.64.100,DENY,Low
2024-04-17T03:37:15,196.22.67.12,42.71.64.208,DENY,Medium
2024-01-01T00:57:28,71.13.203.95,209.76.254.249,ALLOW,Medium
2024-08-01T03:38:49,157.179.42.245,48.234.181.150,DENY,Medium
2024-03-29T22:46:28,133.255.116.172,63.56.219.210,ALLOW,Medium
2024-04-08T13:26:06,195.70.167.226,58.63.3.158,DENY,Medium
2024-07-06T09:00:11,187.71.43.152,221.45.26.45,ALLOW,Medium
2024-12-03T06:07:00,41.36.172.146,17.170.32.193,ALLOW,Medium
2024-09-18T06:12:10,222.40.44.37,168.110.50.18,DENY,High
2024-08-17T13:51:41,195.28.80.17,196.234.56.133,DENY,Medium
2024-10-24T03:12:25,194.108.249.45,93.147.0.42,DENY,Low
2024-04-04T06:39:07,11.152.188.216,45.194.72.221,DENY,Medium
2024-01-12T05:17:38,119.248.93.147,26.121.239.8,DENY,Medium
2024-02-20T01:36:51,162.156.221.1,176.69.205.166,ALLOW,Low
2024-09-08T12:26:24,11.18.41.68,82.238.113.11,DENY,Low
2024-01-09T19:19:05,136.52.114.172,130.156.111.73,ALLOW,Low
2024-08-01T23:56:24,20.38.111.188,178.83.198.119,ALLOW,Medium
2024-05-22T21:59:31,156.189.251.209,193.239.28.170,ALLOW,Low
2024-06-04T18:37:55,139.7.50.156,65.53.135.119,DENY,Low
2024-06-30T02:20:58,123.21.12.58,122.144.253.138,DENY,Low
2024-11-19T23:44:45,144.214.79.121,181.230.235.105,DENY,Low
2024-08-30T13:18:47,170.56.99.79,47.71.161.177,ALLOW,Low
2024-07-14T06:21:56,69.30.88.247,32.55.251.216,ALLOW,Low
2024-07-24T07:07:38,154.5.138.0,173.5.250.180,ALLOW,Low
2024-07-17T18:39:57,144.119.130.24,22.97.68.170,DENY,Medium
2024-11-28T22:28:33,6.98.62.68,4.63.87.90,ALLOW,High
2024-05-01T03:46:50,137.94.245.126,177.234.164.150,ALLOW,Low
2024-03-21T18:58:56,43.72.31.245,106.202.125.122,DENY,Medium
2024-08-16T16:19:24,117.238.25.143,188.87.96.230,DENY,Low
2024-08-31T04:57:07,75.29.170.16,171.93.43.26,DENY,Low
2024-11-16T09:48:09,176.219.169.198,119.159.158.221,ALLOW,Low
2024-05-10T17:11:45,19.28.15.145,70.43.98.212,DENY,High
2024-01-29T19:31:20,178.115.91.33,129.146.33.0,ALLOW,Medium
2024-05-29T15:48:27,103.57.148.240,190.113.236.42,ALLOW,Low
2024-05-29T15:04:42,84.38.242.8,214.194.167.14,ALLOW,Low
2024-03-25T17:34:52,173.252.174.20,136.73.26.199,DENY,Low
2024-05-13T03:20:28,122.109.64.87,206.70.185.227,DENY,Low
2024-01-31T21:35:58,220.242.60.169,152.187.187.188,ALLOW,Low
2024-12-02T06:14:11,108.24.154.231,73.84.242.117,ALLOW,Low
2024-04-20T14:43:11,186.145.210.48,178.32.12.196,ALLOW,High
2024-08-15T07:46:44,215.40.209.45,26.92.136.156,ALLOW,High
2024-05-03T09:25:36,162.191.126.20,160.224.132.172,DENY,Low
2024-03-02T14:01:16,121.233.78.183,31.17.40.25,DENY,Medium
2024-05-01T11:25:43,48.140.217.82,2.244.237.142,DENY,Medium
2024-05-08T11:51:26,181.163.126.42,181.83.167.185,DENY,Low
2024-07-28T11:01:01,122.80.103.195,186.139.75.217,ALLOW,Low
2024-01-04T02:58:05,5.74.106.70,72.233.181.253,ALLOW,Low
2024-11-02T19:14:01,207.67.161.34,175.229.1.224,ALLOW,Low
2024-06-28T09:40:42,164.7.156.7,31.88.7.29,DENY,Low
2024-03-12T12:56:56,169.147.87.115,59.135.92.119,DENY,Medium
2024-11-11T06:50:55,124.91.243.140,181.72.175.242,ALLOW,Low
2024-09-27T09:08:08,136.20.120.76,38.185.63.121,ALLOW,Medium
2024-05-18T05:33:39,195.137.151.189,78.70.154.19,ALLOW,Low
2024-04-18T03:01:49,84.160.230.242,219.155.152.159,DENY,Low
2024-07-10T19:48:30,92.237.255.74,218.210.219.50,ALLOW,Low
2024-03-28T11:55:18,90.112.235.58,111.84.160.89,ALLOW,High
2024-06-07T00:39:10,199.248.126.172,132.123.51.191,DENY,Low
2024-11-22T06:08:19,115.64.113.74,191.1.78.193,DENY,Low
2024-02-20T00:26:16,51.218.170.96,128.220.68.244,ALLOW,Low
2024-08-14T16:43:41,116.94.216.99,204.53.248.124,DENY,Low
2024-05-21T23:39:16,3.202.161.155,12.248.51.85,ALLOW,Medium
2024-10-05T08:03:35,5.69.170.182,110.138.246.85,DENY,Low
2024-01-03T21:41:03,17.118.134.69,153.248.197.217,ALLOW,Low
2024-01-22T00:16:21,163.19.42.193,21.27.151.195,ALLOW,Low
2024-02-04T06:33:44,34.104.112.246,95.147.53.107,DENY,Low
2024-03-04T17:43:26,197.207.34.207,144.7.200.180,DENY,Low
2024-02-10T16:12:58,49.163.190.56,195.238.245.190,DENY,Low
2024-05-31T08:55:49,210.50.174.136,3.125.82.84,DENY,Medium
2024-08-25T22:44:40,60.208.230.68,194.228.236.83,ALLOW,Medium
2024-10-20T12:41:07,49.80.167.118,12.187.29.6,ALLOW,Low
2024-01-25T01:12:41,120.217.26.110,138.40.0.230,DENY,Medium
2024-07-31T20:01:20,199.198.101.21,105.105.222.40,ALLOW,Medium
2024-11-15T04:14:10,85.11.73.135,114.30.94.105,ALLOW,Low
2024-06-07T12:17:49,219.205.172.254,198.58.9.237,DENY,Low
2024-10-28T19:08:43,210.141.173.5,135.238.17.60,DENY,Medium
2024-10-30T16:06:51,120.243.53.135,116.105.10.233,DENY,Low
2024-05-17T02:51:52,46.169.61.12,29.223.46.159,DENY,Low
2024-08-19T04:45:42,194.167.90.158,55.237.116.51,DENY,Low
2024-02-20T19:12:15,101.114.63.172,177.125.120.157,ALLOW,Low
2024-10-19T14:10:46,5.205.218.31,16.214.37.243,ALLOW,Medium
2024-01-05T22:29:31,74.31.22.206,2.67.252.180,DENY,Low
2024-07-31T21:45:17,150.20.0.202,37.35.212.228,DENY,Low
2024-09-21T19:59:52,7.86.67.56,76.174.85.253,ALLOW,Low
2024-05-21T22:43:33,60.159.148.125,148.10.153.31,ALLOW,Medium
2024-08-16T08:26:56,161.184.22.100,221.115.202.171,ALLOW,Medium
2024-03-01T21:21:34,95.116.167.247,91.64.53.135,ALLOW,Low
2024-06-08T12:45:18,92.66.168.223,21.116.208.37,DENY,Low
2024-07-27T12:54:02,57.251.102.59,60.120.2.0,DENY,Low
2024-07-09T09:54:57,116.149.108.60,156.2.251.193,DENY,Low
2024-04-06T21:06:13,155.108.182.25,40.188.111.88,ALLOW,High
2024-01-07T03:53:31,216.150.91.139,42.223.67.117,ALLOW,Low
2024-07-09T00:14:14,49.14.110.103,114.194.111.9,ALLOW,Low
2024-04-27T15:37:14,210.192.211.159,196.241.251.250,ALLOW,Medium
2024-07-24T15:26:50,101.177.137.44,108.231.59.191,DENY,Low
2024-10-06T23:59:08,209.134.142.122,166.205.30.150,ALLOW,High
2024-09-06T20:32:58,31.78.198.63,165.112.118.199,DENY,Medium
2024-03-14T18:10:31,94.178.149.145,212.17.124.240,ALLOW,Low
2024-09-13T08:27:13,159.153.92.84,99.14.29.245,ALLOW,Low
2024-01-28T04:35:18,191.32.98.132,181.114.110.28,ALLOW,Low
2024-02-28T23:35:51,213.164.108.40,112.207.147.162,DENY,Medium
2024-03-15T16:55:00,213.216.92.4,161.110.100.96,DENY,Medium
2024-02-13T09:57:18,187.50.29.11,137.93.14.130,ALLOW,Low
2024-03-10T10:27:55,50.146.94.108,55.59.33.172,ALLOW,Low
2024-10-11T22:24:54,169.244.6.101,43.227.30.133,DENY,Low
2024-10-08T17:37:14,182.19.203.241,108.104.131.250,DENY,Low
2024-11-02T13:28:26,44.208.240.210,89.156.68.224,DENY,Low
2024-08-27T15:22:29,33.122.10.29,74.131.200.32,ALLOW,Low
2024-01-20T23:25:28,48.85.82.83,220.240.182.144,DENY,High
2024-03-09T15:29:49,132.239.222.93,148.115.244.211,DENY,Medium
2024-06-08T22:39:59,122.190.194.87,129.46.235.28,DENY,Low
2024-03-24T01:50:29,68.132.72.106,145.123.124.127,ALLOW,Low
2024-09-08T05:20:10,43.40.26.12,19.190.83.244,ALLOW,Low
2024-05-05T18:12:35,105.202.102.6,75.251.228.196,DENY,High
2024-08-28T12:49:44,45.212.56.164,139.184.202.74,ALLOW,Low
2024-02-17T23:55:55,76.117.130.4,61.175.66.207,DENY,High
2024-06-06T19:48:17,61.27.95.77,132.24.173.20,DENY,Low
2024-07-16T14:49:43,209.86.218.249,85.241.214.119,DENY,Low
2024-04-29T06:31:28,195.72.68.193,58.238.57.51,DENY,Low
2024-02-22T13:01:36,204.193.195.138,165.227.147.105,DENY,Low
2024-02-27T16:43:45,85.190.97.133,148.252.16.31,ALLOW,Low
2024-02-08T21:58:12,28.193.207.171,64.235.101.15,DENY,Low
2024-07-16T19:11:30,176.224.90.196,193.101.210.169,DENY,High
2024-01-05T10:47:15,200.105.73.187,129.90.62.55,DENY,Low
2024-06-15T15:10:04,143.129.15.240,41.69.17.183,DENY,Low
2024-09-06T00:10:54,124.70.2.54,4.215.131.74,ALLOW,Low
2024-02-18T09:35:17,199.84.229.146,63.168.213.177,DENY,Low
2024-04-16T06:19:07,177.123.180.46,19.108.214.202,ALLOW,Medium
2024-06-18T07:19:38,52.203.232.121,182.249.136.228,ALLOW,Medium
2024-04-02T09:01:23,59.32.7.26,132.124.89.66,ALLOW,Low
2024-04-03T22:42:14,197.219.143.33,114.128.28.246,ALLOW,Medium
2024-09-24T04:46:29,217.229.226.215,191.105.206.213,DENY,Medium
2024-02-01T03:04:55,143.31.189.83,81.197.141.187,ALLOW,Low
2024-03-03T20:29:00,112.146.168.124,200.165.14.200,DENY,High
2024-06-02T04:19:26,71.253.115.143,59.156.69.134,DENY,Medium
2024-08-02T22:09:09,213.85.227.196,62.5.239.1,DENY,High
2024-10-22T15:42:26,170.248.178.179,30.105.121.41,ALLOW,Low
2024-03-24T18:05:33,75.161.117.171,108.235.57.153,ALLOW,Low
2024-05-14T15:11:11,50.180.119.231,86.253.46.177,ALLOW,Low
2024-04-03T18:53:22,69.244.162.179,150.77.176.26,ALLOW,Low
2024-01-22T03:45:09,63.114.217.197,108.75.111.156,ALLOW,Medium
2024-06-11T09:53:37,77.82.88.110,223.240.112.152,ALLOW,Low
2024-02-10T04:26:38,201.132.23.243,209.145.22.130,DENY,Low
2024-11-11T23:50:51,37.115.66.22,223.71.166.39,DENY,Medium
2024-06-11T02:41:36,166.187.118.120,35.141.92.78,ALLOW,Low
2024-04-17T01:50:59,130.218.57.188,89.78.37.224,ALLOW,Low
2024-04-30T14:38:19,102.7.251.96,141.217.242.198,ALLOW,Medium
2024-07-05T15:42:25,24.187.36.127,91.204.23.14,DENY,Medium
2024-01-11T22:21:31,195.52.87.40,50.46.149.78,DENY,Low
2024-03-09T22:42:09,208.36.181.129,201.125.135.194,DENY,Low
2024-08-08T03:58:16,223.208.60.80,32.129.241.122,DENY,Low
2024-03-10T19:01:36,137.215.189.249,155.147.250.179,DENY,Low
2024-10-19T00:33:42,46.240.3.82,154.68.42.254,DENY,Low
2024-01-19T17:38:33,154.93.113.84,24.237.200.54,DENY,Low
2024-11-02T04:43:39,37.114.180.114,204.113.237.4,ALLOW,Medium
2024-09-24T14:22:12,47.72.69.15,185.166.246.197,DENY,Low
2024-10-24T07:33:40,80.93.176.85,69.37.230.178,DENY,Low
2024-10-03T22:47:01,67.162.5.233,121.37.89.150,ALLOW,Low
2024-01-09T20:07:58,189.30.188.97,132.67.67.218,ALLOW,Medium
2024-01-20T10:26:58,38.135.192.245,154.147.214.243,DENY,Medium
2024-03-14T17:21:15,138.131.10.220,52.112.23.102,DENY,High
2024-01-12T14:11:46,61.222.78.37,53.97.184.184,DENY,Medium
2024-02-26T13:11:02,70.196.52.120,56.68.103.55,ALLOW,Low
2024-10-21T16:02:41,157.126.182.18,56.23.251.151,ALLOW,Low
2024-11-17T12:31:44,148.225.158.151,126.230.44.245,DENY,Low
2024-08-01T15:42:07,213.218.47.229,48.69.157.195,DENY,Low
2024-11-16T18:13:28,31.80.16.87,153.123.26.78,DENY,Low
2024-08-21T19:27:10,197.5.194.23,222.176.56.33,ALLOW,Low
2024-09-26T22:07:38,203.9.128.190,195.128.251.75,ALLOW,Medium
2024-10-25T23:02:18,212.59.233.38,99.52.13.152,DENY,Medium
2024-11-11T13:18:10,41.79.144.119,142.30.87.185,ALLOW,Low
2024-01-06T02:52:55,147.201.221.129,211.174.99.21,ALLOW,Low
2024-03-17T19:54:00,134.89.101.78,10.214.6.75,DENY,Low
2024-02-01T14:41:12,201.192.243.48,55.170.146.138,DENY,Low
2024-10-07T06:52:26,212.169.43.43,167.100.167.3,ALLOW,Low
2024-06-06T18:47:25,185.96.166.119,116.43.163.185,DENY,Low
2024-06-12T14:15:06,105.217.63.240,63.29.171.132,ALLOW,Low
2024-11-05T04:45:35,150.193.253.100,125.163.244.249,DENY,Low
2024-07-13T05:50:03,82.29.147.4,144.122.153.194,DENY,Medium
2024-09-02T08:38:18,152.75.198.39,139.218.215.19,DENY,Low
2024-01-10T15:52:24,125.196.14.92,142.159.70.49,DENY,High
2024-11-16T06:27:46,140.88.180.172,109.75.110.38,DENY,Low
2024-11-22T23:37:36,160.11.169.39,117.249.1.4,DENY,Low
2024-01-18T11:19:36,71.103.141.237,6.154.137.184,DENY,Medium
2024-08-12T11:01:18,123.209.177.133,24.99.78.100,DENY,Low
2024-04-24T15:28:03,202.87.70.191,107.7.17.68,ALLOW,High
2024-08-08T05:12:34,87.77.101.213,138.184.225.177,DENY,Low
2024-05-26T17:19:10,214.39.51.66,54.48.35.87,ALLOW,Low
2024-03-01T10:35:31,121.128.105.58,165.97.53.178,DENY,Medium
2024-06-10T09:45:09,134.246.224.77,84.143.18.247,ALLOW,Low
2024-10-06T22:34:32,81.177.201.110,124.203.180.50,DENY,Medium
2024-04-05T22:15:32,77.98.79.104,133.130.251.187,DENY,Low
2024-07-21T07:44:58,65.31.185.180,32.1.73.115,DENY,Low
2024-06-01T18:48:36,50.225.255.178,117.160.100.120,ALLOW,Low
2024-07-14T04:31:48,7.118.41.152,106.171.243.149,ALLOW,Medium
2024-09-06T23:51:02,110.38.188.9,32.48.226.59,ALLOW,Low
2024-10-28T21:30:25,13.201.103.198,53.159.226.105,DENY,High
2024-05-24T23:02:18,193.54.111.244,38.218.243.182,ALLOW,High
2024-05-14T20:20:24,111.89.102.41,41.18.82.153,DENY,Low
2024-08-26T06:02:19,143.181.190.49,158.167.5.150,ALLOW,High
2024-04-07T14:36:28,70.110.24.236,173.190.132.42,ALLOW,Low
2024-03-12T17:11:56,198.86.185.55,176.63.222.160,DENY,Low
2024-08-29T22:14:20,170.106.97.135,185.235.117.193,DENY,Low
2024-06-21T11:35:37,98.255.42.13,18.105.185.232,DENY,Low
2024-04-10T01:40:14,4.81.102.21,9.107.32.55,ALLOW,Medium
2024-03-12T13:00:33,18.141.254.182,98.36.111.220,DENY,Medium
2024-11-02T07:26:57,21.50.41.78,6.113.248.201,ALLOW,Low
2024-08-06T20:53:56,64.126.180.84,86.183.18.17,ALLOW,High
2024-05-06T23:24:03,48.43.206.72,96.208.26.245,ALLOW,Medium
2024-03-30T14:54:46,131.97.159.91,111.85.64.78,ALLOW,Low
2024-05-24T20:49:44,21.191.148.149,191.80.32.82,DENY,Low
2024-05-05T06:05:23,114.93.199.12,130.174.194.176,ALLOW,Low
2024-08-25T07:10:02,124.73.225.105,39.51.38.26,DENY,Low
2024-09-16T00:53:08,113.191.11.10,75.30.107.250,DENY,Low
2024-12-03T16:04:05,89.17.171.34,221.107.68.193,ALLOW,Low
2024-02-13T10:47:02,94.102.140.207,51.105.144.181,ALLOW,High
2024-05-27T01:05:15,82.71.193.140,20.115.204.233,ALLOW,High
2024-08-01T02:16:40,94.90.120.215,176.19.205.67,DENY,Low
2024-01-18T07:09:28,203.126.192.244,166.1.236.7,ALLOW,High
2024-02-13T13:38:08,65.235.15.101,32.215.220.220,ALLOW,Medium
2024-02-15T13:48:33,26.5.70.117,103.40.161.125,ALLOW,Low
2024-11-17T22:45:11,8.62.183.154,5.111.138.11,ALLOW,Low
2024-03-26T21:00:08,169.116.52.25,41.54.174.165,DENY,Low
2024-02-25T08:51:06,148.34.84.206,39.95.246.65,DENY,Low
2024-02-07T01:45:41,174.112.131.167,142.255.54.42,DENY,Low
2024-06-05T15:44:49,54.214.236.10,166.158.53.30,DENY,Low
2024-09-12T04:17:16,63.54.202.21,217.90.245.226,DENY,Low
2024-04-15T12:04:23,142.6.222.27,123.68.35.116,DENY,Medium
2024-05-10T03:58:44,114.11.77.17,13.43.125.94,ALLOW,Low
2024-05-06T01:24:40,89.111.8.27,25.33.79.213,DENY,Low
2024-07-09T15:42:30,66.238.85.171,192.142.143.137,ALLOW,Medium
2024-06-15T21:20:38,114.57.39.65,148.183.30.150,ALLOW,Low
2024-10-29T20:38:07,214.143.73.7,199.160.219.54,DENY,Medium
2024-04-23T08:31:10,32.68.238.128,87.116.230.126,DENY,Low
2024-01-01T06:54:20,62.147.171.91,96.182.232.21,DENY,High
2024-06-09T11:29:29,204.80.68.74,49.91.48.52,DENY,Low
2024-04-29T17:48:42,99.7.230.180,113.217.79.248,DENY,Low
2024-07-04T00:21:10,192.206.74.51,201.128.176.104,DENY,Low
2024-03-30T14:46:44,102.211.73.171,83.189.188.53,ALLOW,Medium
2024-08-24T21:28:41,164.49.204.71,27.23.80.156,ALLOW,Medium
2024-05-02T14:23:17,183.58.132.184,151.187.34.181,DENY,Low
2024-04-03T01:51:59,209.19.157.46,212.78.205.246,ALLOW,Medium
2024-08-18T02:02:48,8.205.207.90,98.211.117.213,ALLOW,Low
2024-04-25T16:43:01,205.135.96.239,205.145.105.51,DENY,Low
2024-11-30T18:14:32,75.9.161.34,150.247.120.144,DENY,Low
2024-10-23T05:27:11,125.33.109.225,86.81.199.102,ALLOW,Low
2024-09-16T10:14:34,140.129.78.75,200.1.130.75,ALLOW,Low
2024-01-04T14:11:57,196.156.184.155,111.226.11.48,ALLOW,Medium
2024-02-18T03:54:29,107.164.201.133,219.139.187.15,DENY,Low
2024-08-20T15:52:19,219.40.199.198,150.110.231.156,ALLOW,Low
2024-10-27T04:02:48,169.164.135.100,46.133.30.190,ALLOW,Medium
2024-02-08T12:14:53,90.243.237.134,99.31.223.152,DENY,Low
2024-01-21T13:35:56,108.9.26.108,120.31.10.254,DENY,Low
2024-04-02T15:01:34,77.16.114.179,108.194.173.251,DENY,Medium
2024-04-17T13:45:46,146.57.28.56,47.251.142.149,ALLOW,Low
2024-09-19T21:46:12,87.50.101.165,94.88.197.202,DENY,Medium
2024-08-10T17:42:44,147.200.32.240,21.30.47.28,DENY,Low
2024-09-03T21:12:15,73.243.17.183,222.191.146.159,DENY,Low
2024-10-22T17:13:52,86.118.29.44,134.10.50.141,ALLOW,High
2024-04-29T15:56:01,180.96.27.195,59.178.215.76,ALLOW,High
2024-05-29T10:58:35,189.109.174.156,131.30.166.113,DENY,Medium
2024-09-12T22:42:33,190.112.78.103,38.48.21.84,DENY,Low
2024-06-08T21:01:31,72.110.57.100,178.186.218.34,DENY,High
2024-09-11T09:26:16,7.80.86.27,60.145.172.113,DENY,Low
2024-01-27T23:27:11,38.231.104.5,5.210.97.210,ALLOW,Medium
2024-10-21T01:33:36,85.34.184.99,53.59.208.59,ALLOW,Low
2024-10-16T17:07:18,167.228.20.190,23.232.118.160,ALLOW,Medium
2024-07-17T06:27:06,7.152.94.47,12.43.81.63,ALLOW,Medium
2024-10-19T07:05:56,205.155.146.222,175.36.64.187,ALLOW,Medium
2024-04-14T21:44:35,14.185.167.9,164.35.152.131,DENY,High
2024-03-06T10:07:40,119.242.133.108,180.74.33.121,DENY,High
2024-08-18T23:01:43,18.214.228.92,12.242.43.27,DENY,Low
2024-08-23T01:21:41,189.94.47.162,165.114.82.64,DENY,Low
2024-03-06T06:24:09,7.69.117.17,45.184.36.229,ALLOW,Low
2024-08-18T11:49:01,186.214.210.213,181.202.39.175,ALLOW,Low
2024-05-18T12:12:42,69.69.203.27,131.230.94.78,DENY,Low
2024-09-17T19:27:53,32.232.97.14,43.234.3.85,DENY,Low
2024-07-02T22:28:42,193.77.46.209,18.194.49.4,DENY,Medium
2024-09-18T23:19:48,194.107.101.183,156.187.20.200,DENY,Medium
2024-09-26T23:09:19,1.63.134.81,184.194.166.118,DENY,Low
2024-02-06T07:14:24,196.24.208.116,112.77.142.192,DENY,High
2024-03-16T19:37:46,7.52.249.45,145.68.9.255,DENY,Low
2024-08-21T09:59:06,219.91.193.133,4.13.174.201,DENY,High
2024-04-01T21:48:28,23.95.61.118,134.6.109.111,ALLOW,Medium
2024-06-05T18:55:29,87.55.192.90,108.146.112.111,ALLOW,Low
2024-11-29T01:38:03,158.218.76.63,107.177.191.208,DENY,Low
2024-03-29T22:25:38,77.46.199.31,172.78.94.83,DENY,Low
2024-03-18T02:11:20,190.98.136.147,70.110.19.2,DENY,Low
2024-04-20T10:38:04,219.28.40.189,28.132.68.176,DENY,Low
2024-11-13T03:22:52,190.246.40.33,132.31.230.211,ALLOW,Low
2024-08-06T08:19:11,37.227.111.161,194.179.27.133,ALLOW,Medium
2024-07-21T05:01:03,21.199.57.79,95.202.169.0,ALLOW,Medium
2024-04-15T05:34:26,68.126.67.41,167.247.89.27,DENY,Low
2024-04-09T06:08:21,166.1.23.209,109.82.211.38,ALLOW,Low
2024-01-09T16:52:06,76.72.237.241,94.237.97.137,DENY,Low
2024-03-05T07:34:04,220.135.79.204,169.184.242.194,DENY,Medium
2024-08-24T06:36:50,98.228.181.0,151.21.204.90,ALLOW,Medium
2024-05-27T01:02:27,203.124.168.109,42.207.174.208,ALLOW,Low
2024-03-27T09:12:49,175.41.12.11,205.77.255.129,ALLOW,Low
2024-05-22T11:35:26,138.189.105.69,180.205.61.124,DENY,Low
2024-02-11T13:27:47,201.7.0.227,160.124.173.213,ALLOW,Medium
2024-06-04T03:17:05,98.15.193.26,49.36.98.165,ALLOW,Low
2024-07-10T03:05:04,4.46.65.73,22.106.81.192,DENY,Low
2024-09-14T21:22:29,63.54.74.134,198.181.144.10,ALLOW,Low
2024-09-16T13:37:23,204.146.167.197,155.51.201.44,ALLOW,Low
2024-10-02T21:35:06,44.80.162.213,64.141.183.58,ALLOW,Medium
2024-04-21T15:35:54,219.249.2.140,113.186.221.5,DENY,Medium
2024-01-26T12:47:41,56.157.35.238,64.217.59.237,DENY,Medium
2024-02-24T14:06:56,137.127.45.113,153.73.191.163,ALLOW,High
2024-04-09T06:56:42,98.245.29.118,103.37.198.219,ALLOW,High
2024-03-30T11:11:03,60.146.25.199,154.68.72.12,DENY,Low
2024-04-14T14:58:15,98.29.4.252,105.208.34.71,DENY,Medium
2024-05-23T15:17:47,86.12.245.74,149.69.86.241,ALLOW,Medium
2024-05-22T02:26:11,133.169.229.103,89.105.139.82,DENY,Low
2024-08-14T10:05:47,197.212.129.22,70.76.205.89,DENY,Low
2024-06-22T00:02:18,164.168.206.245,76.174.41.109,ALLOW,Low
2024-02-23T02:45:15,182.220.237.174,169.215.77.170,DENY,Medium
2024-01-21T00:04:17,89.75.59.8,31.228.150.15,ALLOW,Medium
2024-09-25T23:16:36,149.86.170.155,55.147.38.157,DENY,Low
2024-02-16T05:10:08,43.138.87.14,75.203.41.231,ALLOW,Low
2024-05-07T06:15:27,140.104.219.42,134.96.221.53,DENY,Low
2024-11-23T01:24:06,153.6.98.180,9.247.184.246,DENY,Medium
2024-02-14T05:47:08,132.209.111.45,189.68.114.148,ALLOW,Low
2024-12-02T15:39:18,104.28.95.109,77.142.67.124,ALLOW,Low
2024-07-22T08:58:14,19.251.190.135,217.252.235.85,ALLOW,Low
2024-01-01T14:02:23,75.135.225.109,173.242.217.9,DENY,Low
2024-10-16T18:03:24,196.49.101.4,34.242.48.194,ALLOW,Low
2024-03-20T10:32:31,6.115.141.87,167.5.212.67,DENY,Low
2024-08-07T11:23:12,193.14.115.55,92.146.79.251,DENY,Low
2024-11-27T11:18:57,220.164.179.203,33.164.239.129,DENY,Low
2024-01-04T17:39:36,72.210.28.21,180.116.172.36,DENY,Low
2024-11-29T18:14:51,149.54.90.23,220.31.218.47,DENY,Low
2024-07-20T11:08:16,148.184.99.120,209.170.65.6,ALLOW,Low
2024-01-28T06:39:09,210.217.81.90,20.150.105.211,ALLOW,High
2024-11-16T16:17:54,189.242.197.11,6.248.23.42,DENY,Medium
2024-01-26T05:36:36,174.6.240.216,162.201.52.45,ALLOW,Low
2024-03-10T06:53:42,36.185.32.173,91.250.75.231,ALLOW,Medium
2024-11-15T19:22:54,100.249.246.168,151.224.50.47,DENY,Medium
2024-11-05T22:33:43,167.113.77.68,38.51.27.254,ALLOW,Low
2024-04-12T02:35:48,122.96.143.225,141.230.74.211,ALLOW,Low
2024-07-21T00:30:53,9.100.233.13,110.37.190.35,ALLOW,High
2024-05-26T15:25:53,188.155.136.197,38.113.164.104,ALLOW,Medium
2024-01-11T19:24:57,171.213.23.234,201.100.148.139,DENY,Medium
2024-02-06T23:30:49,197.161.170.240,215.254.166.122,DENY,High
2024-02-12T02:24:11,83.206.120.180,74.43.100.1,DENY,Low
2024-02-20T02:15:47,112.5.200.29,141.42.37.133,ALLOW,Low
2024-10-26T05:17:46,118.155.80.225,114.181.201.150,ALLOW,Low
2024-07-17T11:00:48,26.159.48.159,186.28.88.158,DENY,Medium
2024-09-11T15:23:47,108.85.105.8,99.146.71.79,ALLOW,Low
2024-11-05T03:25:20,50.228.216.51,27.40.147.198,DENY,Low
2024-09-27T04:55:23,70.179.26.100,112.192.250.193,DENY,High
2024-09-28T03:21:48,38.177.208.42,108.215.117.126,ALLOW,Low
2024-07-25T03:12:33,124.186.11.227,32.58.143.44,ALLOW,Low
2024-02-28T09:36:55,45.27.16.83,8.170.179.129,DENY,Low
2024-09-20T06:04:38,194.243.65.2,59.84.97.192,ALLOW,Medium
2024-06-01T21:44:55,82.234.94.111,63.116.114.37,DENY,Low
2024-06-21T00:09:13,30.31.215.148,190.55.175.5,DENY,High
2024-05-03T09:17:13,183.113.132.101,141.18.158.235,DENY,Low
2024-11-14T17:07:58,30.209.73.17,205.197.244.188,ALLOW,Medium
2024-10-14T23:21:48,157.96.32.240,168.117.176.14,ALLOW,Medium
2024-07-14T23:21:50,5.223.199.135,167.14.191.171,ALLOW,Medium
2024-02-21T21:58:22,80.183.112.16,160.77.117.197,ALLOW,Low
2024-03-26T15:55:56,123.177.80.113,200.221.155.138,DENY,Low
2024-04-29T21:14:06,55.207.31.156,176.33.137.245,ALLOW,Low
2024-06-20T00:09:59,101.191.103.80,172.7.46.3,DENY,Medium
2024-06-24T17:01:34,6.101.100.71,64.252.119.237,DENY,Low
2024-11-26T16:43:58,98.31.59.72,72.178.147.43,DENY,Medium
2024-01-18T14:39:18,145.156.220.20,28.172.74.158,ALLOW,Low
2024-02-28T11:01:47,112.240.188.240,170.152.93.8,DENY,Low
2024-01-24T14:55:12,223.182.78.110,50.60.200.89,DENY,Medium
2024-07-02T20:59:33,128.207.153.153,27.210.8.110,ALLOW,Low
2024-01-15T13:06:36,129.48.169.20,100.204.77.36,DENY,Low
2024-03-08T22:59:21,5.205.227.226,196.224.147.111,DENY,Low
2024-05-15T00:51:46,206.15.98.54,59.132.172.214,DENY,Medium
2024-10-28T08:56:40,51.175.107.83,96.42.204.97,ALLOW,Medium
2024-05-02T21:26:58,199.235.152.56,4.215.92.177,ALLOW,Low
2024-04-25T07:06:25,120.220.156.66,104.238.237.209,ALLOW,High
2024-07-09T05:30:13,87.246.126.76,26.109.104.197,ALLOW,Low
2024-11-21T14:11:49,63.58.179.7,143.66.63.247,DENY,Low
2024-09-26T20:48:11,173.202.85.201,157.147.216.6,DENY,Low
2024-10-08T08:35:47,121.167.142.178,99.109.65.162,ALLOW,Low
2024-08-16T23:42:16,46.148.203.97,217.203.175.154,DENY,Low
2024-02-18T15:07:48,159.103.155.20,71.113.38.173,DENY,Low
2024-10-20T20:11:39,212.160.193.65,211.26.59.89,ALLOW,Low
2024-07-07T00:39:08,15.112.233.227,109.80.153.214,DENY,Medium
2024-04-23T18:15:40,70.88.253.228,50.151.174.196,DENY,Low
2024-04-18T15:27:58,35.251.241.215,52.249.107.103,ALLOW,Low
2024-03-08T22:50:03,183.225.78.238,137.210.246.155,DENY,High
2024-07-04T20:35:19,202.68.191.47,180.163.243.44,ALLOW,Medium
2024-10-23T16:09:38,4.23.168.95,38.59.248.81,DENY,Low
2024-11-06T17:11:27,129.62.92.223,128.210.108.158,DENY,Low
2024-01-28T05:46:03,96.91.29.167,65.85.173.60,DENY,Low
2024-08-01T03:50:28,171.218.46.36,46.83.7.47,DENY,Medium
2024-05-08T17:46:44,24.26.60.175,155.16.89.238,DENY,Medium
2024-11-15T21:04:34,96.230.162.199,30.57.125.229,ALLOW,Low
2024-05-01T13:21:26,162.250.89.69,114.131.12.38,ALLOW,Low
2024-05-10T15:57:02,182.221.199.103,213.0.65.102,ALLOW,High
2024-01-03T11:52:39,60.230.148.232,81.220.143.71,DENY,Low
2024-01-04T18:38:25,54.73.73.195,1.101.48.112,DENY,Low
2024-07-22T09:34:31,97.59.162.251,34.44.244.229,ALLOW,Medium
2024-05-22T02:49:41,26.44.187.203,134.137.190.47,ALLOW,Medium
2024-04-08T03:45:09,148.145.141.36,185.124.208.96,ALLOW,Medium
2024-02-22T07:37:47,56.151.201.12,217.42.84.189,ALLOW,Medium
2024-05-14T08:08:54,110.86.8.213,4.48.113.118,DENY,Medium
2024-03-21T09:10:25,188.141.145.92,21.23.254.202,ALLOW,Medium
2024-09-05T00:21:43,57.68.3.251,183.231.189.196,DENY,High
2024-05-01T15:31:12,197.8.132.236,107.167.53.54,ALLOW,Low
2024-07-08T07:41:54,45.224.228.102,161.143.121.122,ALLOW,Medium
2024-11-25T12:29:38,184.124.63.41,129.68.34.39,DENY,Medium
2024-03-13T04:35:13,88.99.75.216,173.186.143.70,ALLOW,Medium
2024-07-15T01:11:01,195.127.232.245,67.22.24.95,ALLOW,Low
2024-09-18T17:33:48,152.180.150.27,144.122.227.197,ALLOW,High
2024-03-12T18:51:15,172.167.82.118,165.128.168.179,DENY,Low
2024-07-12T20:13:51,194.220.82.155,213.23.72.179,DENY,Medium
2024-01-16T07:10:47,58.123.92.201,53.4.205.190,DENY,Low
2024-07-16T15:08:05,82.238.95.55,121.44.72.152,ALLOW,Low
2024-08-06T00:23:10,147.45.140.178,149.171.30.160,DENY,Low
2024-10-03T00:03:27,28.80.179.99,95.35.82.23,DENY,Low
2024-02-10T12:33:23,160.118.76.132,215.76.172.1,DENY,Low
2024-09-03T16:21:21,106.204.29.18,31.85.190.252,ALLOW,Low
2024-11-12T13:13:51,31.233.184.183,37.154.143.221,DENY,Low
2024-10-15T17:54:43,122.234.76.166,153.245.146.123,ALLOW,Low
2024-10-17T10:07:16,25.233.186.133,116.118.117.78,DENY,Medium
2024-11-02T21:00:32,9.90.201.10,151.66.23.120,DENY,Low
2024-02-02T03:45:44,205.225.249.28,2.67.12.42,ALLOW,Medium
2024-11-30T08:14:07,180.141.81.154,138.78.56.48,ALLOW,Medium
2024-07-06T11:38:54,117.107.5.18,37.56.179.191,ALLOW,Low
2024-10-12T19:34:38,68.236.0.90,188.51.195.195,ALLOW,Low
2024-02-09T08:51:54,16.109.2.233,99.73.94.109,ALLOW,Medium
2024-07-16T02:50:42,164.43.216.114,149.69.247.193,ALLOW,Low
2024-02-04T22:18:05,156.238.176.192,192.242.92.61,DENY,High
2024-02-13T03:12:40,194.27.218.219,179.226.51.231,ALLOW,Low
2024-01-04T20:15:44,133.49.166.53,131.173.101.155,DENY,Low
2024-02-14T22:53:07,184.245.214.13,166.7.117.185,DENY,Medium
2024-01-09T23:59:06,69.64.23.139,78.20.173.45,DENY,High
2024-02-19T15:09:19,77.118.121.190,200.194.200.76,ALLOW,Low
2024-08-22T19:14:50,131.81.225.188,205.160.249.44,DENY,Low
2024-08-13T02:42:04,214.43.199.80,171.238.245.201,ALLOW,Low
2024-10-09T16:07:46,195.234.40.35,198.54.163.8,ALLOW,Low
2024-01-12T15:34:43,121.41.179.90,176.138.248.73,DENY,Low
2024-08-05T04:59:56,130.127.215.115,7.30.110.5,ALLOW,Low
2024-09-01T15:52:41,27.16.54.74,15.113.201.248,ALLOW,Low
2024-05-09T10:59:30,205.214.103.123,120.229.158.190,DENY,Low
2024-05-20T01:22:59,69.124.167.4,40.255.143.52,ALLOW,Low
2024-09-14T03:44:43,89.154.76.255,186.244.242.54,ALLOW,Low
2024-05-31T08:43:30,103.53.60.0,52.118.119.66,DENY,High
2024-04-16T10:11:06,222.158.220.200,218.86.160.233,DENY,Medium
2024-03-09T00:07:17,105.29.40.174,35.80.86.228,DENY,High
2024-08-29T08:54:25,148.213.129.182,211.141.80.127,DENY,Low
2024-08-16T23:26:28,137.239.181.130,136.95.231.54,ALLOW,Medium
2024-04-08T10:33:27,155.20.250.174,189.2.89.61,ALLOW,Low
2024-06-08T22:02:46,39.185.131.12,48.116.191.58,DENY,Medium
2024-09-14T21:46:43,179.47.69.61,38.129.48.154,DENY,Low
2024-11-11T15:10:54,162.217.137.167,80.233.176.72,ALLOW,Low
2024-01-01T06:51:48,141.243.251.202,60.219.101.116,ALLOW,Medium
2024-09-18T05:57:46,91.210.3.18,109.196.78.165,DENY,Medium
2024-11-09T19:05:31,139.32.246.143,40.6.211.166,DENY,High
2024-09-27T13:29:54,53.7.125.220,74.212.85.167,DENY,Low
2024-03-05T13:07:17,15.115.160.26,31.113.79.91,ALLOW,Low
2024-11-22T19:51:38,153.75.121.212,43.207.154.232,ALLOW,Low
2024-10-03T05:40:16,216.253.78.96,112.128.252.146,DENY,Low
2024-10-18T17:50:14,120.78.56.66,152.125.93.180,DENY,High
2024-05-28T01:53:23,82.63.220.75,117.73.209.230,ALLOW,Low
2024-11-11T14:07:48,72.170.154.56,51.89.113.89,ALLOW,Low
2024-06-24T23:59:13,49.103.72.147,90.7.19.41,ALLOW,Low
2024-01-16T12:43:21,89.172.61.185,89.133.140.94,ALLOW,Low
2024-11-21T11:16:54,163.40.79.242,82.208.152.125,DENY,Low
2024-09-18T15:16:20,25.160.200.66,33.117.12.31,ALLOW,Medium
2024-02-12T16:34:53,60.44.109.188,64.46.255.164,ALLOW,Low
2024-03-27T04:31:41,122.61.103.41,49.88.226.10,ALLOW,Medium
2024-09-22T15:50:27,223.136.110.138,163.57.246.173,ALLOW,Low
2024-08-18T01:50:33,39.126.127.44,223.172.177.188,DENY,Low
2024-09-10T18:43:22,41.18.160.229,53.159.239.158,DENY,Medium
2024-03-09T19:55:25,18.231.113.211,56.130.90.16,ALLOW,Medium
2024-09-26T07:06:12,102.51.235.145,165.249.166.242,DENY,Medium
2024-09-13T19:59:44,157.209.141.120,36.112.149.134,ALLOW,Low
2024-03-28T23:22:23,20.53.151.97,156.80.78.14,DENY,Low
2024-06-10T08:55:03,54.54.117.135,146.5.253.15,DENY,High
2024-09-01T15:56:40,187.44.179.15,217.90.35.57,DENY,Low
2024-04-11T22:28:03,3.33.235.70,120.155.178.174,ALLOW,High
2024-07-10T22:00:59,18.186.96.32,36.219.13.121,DENY,Low
2024-09-25T09:17:21,8.88.204.148,174.242.147.113,DENY,Low
2024-07-05T18:52:45,215.16.194.190,118.251.235.244,DENY,Medium
2024-10-26T05:12:09,210.129.69.47,147.65.80.105,ALLOW,Low
2024-02-14T06:14:54,197.138.213.209,149.44.71.228,DENY,Low
2024-09-11T09:09:04,158.70.76.116,140.228.25.25,DENY,Low
2024-08-26T17:31:27,82.171.0.60,190.161.76.182,ALLOW,Medium
2024-09-27T17:14:18,142.126.72.211,181.177.183.250,ALLOW,Low
2024-09-12T19:08:50,91.207.0.182,64.80.177.2,ALLOW,High
2024-03-29T07:24:49,26.47.145.43,166.164.3.107,DENY,Low
2024-04-04T15:29:45,20.167.47.10,16.223.99.222,DENY,Low
2024-11-08T09:00:20,112.239.32.231,178.59.162.174,DENY,Low
2024-06-11T12:14:09,72.111.182.78,218.202.168.58,ALLOW,Low
2024-10-11T13:24:19,33.249.92.14,82.171.120.116,ALLOW,Low
2024-05-07T03:16:00,97.205.129.248,216.134.66.124,ALLOW,Low
2024-03-08T08:07:14,79.13.254.37,176.52.31.147,ALLOW,Low
2024-03-19T10:16:46,44.220.185.120,140.22.61.16,ALLOW,Low
2024-05-06T12:35:04,138.0.187.59,59.233.212.40,DENY,Low
2024-02-09T13:47:17,213.126.176.36,16.105.35.248,ALLOW,Medium
2024-03-04T23:04:38,12.56.208.249,192.17.19.68,ALLOW,Low
2024-08-01T05:21:18,196.130.150.16,119.242.75.15,ALLOW,Low
2024-10-14T04:36:35,182.32.165.140,85.205.201.11,DENY,Medium
2024-08-28T17:34:07,107.153.161.107,50.5.70.96,ALLOW,Low
2024-06-11T08:12:14,197.58.68.207,36.175.205.25,ALLOW,Medium
2024-01-30T09:45:07,161.40.230.191,122.207.1.45,DENY,Low
2024-06-23T03:15:31,70.246.99.160,121.140.136.128,ALLOW,Low
2024-07-23T13:45:53,198.87.92.12,66.80.229.38,DENY,Medium
2024-11-08T09:38:46,223.204.211.100,70.78.140.15,ALLOW,Low
2024-08-20T01:28:35,82.239.244.113,32.248.115.175,DENY,Medium
2024-01-02T22:28:44,7.80.192.150,165.8.36.158,DENY,Medium
2024-05-16T13:34:36,190.78.251.199,163.49.107.194,ALLOW,Medium
2024-06-11T13:13:51,162.13.28.86,196.21.2.107,ALLOW,Medium
2024-10-21T16:28:44,22.115.134.161,104.159.110.153,ALLOW,Low
2024-11-28T14:50:36,217.56.80.150,194.198.147.75,DENY,Low
2024-09-02T09:36:05,96.23.188.68,61.92.33.84,DENY,Low
2024-08-31T07:04:45,94.72.78.157,28.56.233.186,ALLOW,Medium
2024-06-02T20:08:35,16.113.10.9,76.219.242.176,DENY,Low
2024-07-22T23:56:23,202.94.92.129,65.244.49.184,ALLOW,Low
2024-05-30T00:06:41,195.180.246.35,157.132.116.51,ALLOW,Medium
2024-10-13T21:42:54,19.229.77.25,129.58.51.61,DENY,Low
2024-01-24T15:22:23,25.114.253.149,180.168.103.240,ALLOW,Low
2024-05-16T13:40:33,169.115.150.66,167.33.186.251,DENY,Low
2024-05-29T22:23:32,94.212.28.111,154.128.87.128,ALLOW,Low
2024-08-31T21:52:16,223.27.77.139,142.46.88.193,ALLOW,Low
2024-07-29T20:23:49,64.22.124.116,66.27.255.78,DENY,Low
2024-06-01T01:16:08,121.8.139.111,30.188.63.96,DENY,Low
2024-05-30T20:13:06,177.120.95.164,177.100.13.114,ALLOW,Medium
2024-01-04T06:22:58,62.114.46.196,199.252.184.148,DENY,Medium
2024-06-09T12:10:10,188.221.9.150,153.39.208.111,DENY,Low
2024-10-09T23:35:15,10.126.216.148,170.70.43.50,ALLOW,Low
2024-03-31T21:22:31,16.250.241.13,161.251.166.50,ALLOW,Low
2024-10-02T09:07:03,136.8.205.92,184.42.235.109,ALLOW,Medium
2024-10-31T07:37:23,93.178.27.141,129.163.203.197,ALLOW,Low
2024-10-15T07:46:55,64.47.89.109,65.188.74.232,ALLOW,Low
2024-06-04T15:16:07,160.252.37.202,96.24.207.241,DENY,Low
2024-07-21T00:57:23,91.48.245.224,135.197.64.93,DENY,Low
2024-09-14T13:25:47,179.102.86.74,164.115.162.248,ALLOW,High
2024-03-23T17:22:11,99.112.243.135,123.91.241.3,DENY,Low
2024-05-03T20:24:54,90.193.107.124,158.85.30.97,DENY,High
2024-05-20T08:19:28,63.48.228.240,51.120.236.29,ALLOW,Medium
2024-01-24T00:46:18,33.20.183.137,213.44.138.133,ALLOW,Medium
2024-02-05T17:43:12,211.80.151.248,143.156.21.242,DENY,Low
2024-08-09T16:30:30,75.232.21.154,194.85.227.9,ALLOW,Low
2024-07-27T15:34:05,122.57.157.38,11.208.153.15,ALLOW,Low
2024-08-11T15:24:26,222.93.190.6,65.201.40.174,ALLOW,Medium
2024-03-13T07:45:24,182.12.156.69,78.10.18.147,ALLOW,Medium
2024-06-20T04:52:05,215.119.189.116,145.23.119.189,DENY,Medium
2024-10-10T21:46:58,199.126.239.223,11.44.129.122,ALLOW,Medium
2024-10-23T23:30:18,136.32.63.41,144.201.174.255,DENY,Medium
2024-05-01T16:15:33,159.205.44.246,48.131.218.128,DENY,Medium
2024-11-26T11:57:14,155.158.154.225,77.87.22.86,ALLOW,Medium
2024-06-03T09:35:55,59.199.153.251,26.185.62.61,DENY,Medium
2024-01-03T10:22:15,83.193.252.59,32.187.6.64,ALLOW,Medium
2024-02-09T09:12:27,153.100.184.191,172.11.113.93,ALLOW,Low
2024-05-29T03:41:53,135.104.232.136,159.255.54.34,DENY,Medium
2024-09-21T11:18:43,194.41.192.253,101.3.125.221,DENY,Low
2024-05-19T13:46:50,209.44.32.124,111.227.119.182,DENY,Medium
2024-09-19T15:19:09,180.62.115.163,178.232.91.100,DENY,Medium
2024-06-12T03:18:42,72.219.120.214,192.101.164.220,ALLOW,Medium
2024-04-11T13:22:27,148.126.63.79,183.202.233.74,ALLOW,Low
2024-04-09T09:13:26,162.14.26.116,189.123.247.115,DENY,Medium
2024-05-19T10:22:56,175.34.57.241,160.99.60.39,DENY,Medium
2024-09-01T09:03:15,54.215.19.143,136.79.150.114,ALLOW,Low
2024-05-08T10:21:07,130.75.246.80,47.167.186.39,DENY,Medium
2024-11-23T03:01:44,112.25.122.200,198.99.166.198,DENY,Medium
2024-06-19T09:11:34,174.138.170.186,192.162.254.190,ALLOW,Medium
2024-08-04T06:26:03,86.132.157.167,220.32.104.193,DENY,Low
2024-10-04T03:13:37,110.137.21.252,193.212.243.14,DENY,Low
2024-06-12T18:53:48,47.104.255.151,134.151.12.128,DENY,Medium
2024-01-27T15:46:16,110.110.73.181,83.29.77.250,DENY,Medium
2024-10-04T00:20:34,104.76.208.26,143.181.146.1,ALLOW,Low
2024-09-14T20:14:28,15.144.245.131,58.163.194.193,DENY,Low
2024-09-13T05:54:05,71.237.107.239,192.103.5.29,ALLOW,High
2024-07-19T13:19:43,117.168.55.194,191.254.246.17,DENY,Medium
2024-01-23T03:55:09,11.48.225.27,204.9.70.3,ALLOW,High
2024-01-06T15:51:11,131.174.125.234,160.88.207.143,ALLOW,Low
2024-08-15T14:07:45,124.212.152.162,180.16.125.140,DENY,Low
2024-03-02T04:33:54,139.159.50.187,78.80.35.181,ALLOW,Medium
2024-03-13T18:16:02,134.185.95.234,120.79.105.176,DENY,Low
2024-04-03T15:44:10,148.204.252.211,216.102.63.78,DENY,Low
2024-10-15T18:58:46,183.152.192.102,36.133.147.194,ALLOW,Low
2024-10-05T19:07:14,90.25.51.96,170.204.219.91,ALLOW,Low
2024-07-28T08:17:00,196.138.174.138,74.8.206.45,ALLOW,High
2024-09-30T23:03:15,176.37.247.125,36.173.232.128,DENY,Medium
2024-04-10T03:54:46,21.218.228.51,204.219.92.244,ALLOW,Low
2024-09-04T08:51:06,175.93.201.104,126.31.25.194,ALLOW,High
2024-08-17T09:06:45,104.65.109.22,170.111.222.249,ALLOW,Medium
2024-10-20T02:32:31,190.80.203.76,130.129.197.20,ALLOW,Low
2024-11-23T09:59:09,211.94.114.25,186.22.27.231,ALLOW,High
2024-05-02T18:42:12,18.10.224.81,142.113.255.162,ALLOW,Medium
2024-01-30T09:40:27,33.41.59.230,147.243.207.33,ALLOW,High
2024-02-22T17:29:20,58.197.164.196,111.71.83.15,ALLOW,Medium
2024-05-22T18:29:48,94.75.243.162,6.24.131.188,ALLOW,Low
2024-03-07T13:19:16,4.115.193.200,176.5.220.125,DENY,Low
2024-08-20T14:55:09,16.146.233.7,206.158.4.65,ALLOW,Low
2024-07-05T08:29:56,213.77.120.117,131.126.45.194,ALLOW,Low
2024-01-13T09:45:14,162.106.13.218,36.102.189.246,ALLOW,Low
2024-05-12T09:31:29,142.209.220.96,220.130.133.18,DENY,Low
2024-11-26T14:18:43,121.144.156.109,33.175.96.140,ALLOW,Low
2024-05-14T04:01:31,176.79.40.34,67.122.86.52,DENY,High
2024-03-25T03:32:39,154.74.227.98,85.143.243.182,DENY,Medium
2024-09-23T20:55:52,112.112.112.43,29.180.147.28,ALLOW,Medium
2024-10-19T20:05:00,26.154.174.116,183.13.90.34,DENY,Medium
2024-08-11T05:44:35,101.61.190.162,165.65.118.1,ALLOW,Low
2024-06-27T19:22:33,82.85.117.140,115.35.85.106,ALLOW,High
